{
  "generatedAt": "2026-02-06T11:30:53.023Z",
  "node": "v24.2.0",
  "suites": [
    {
      "name": "js",
      "processChar": {
        "p50_us": 0.45899999999221563,
        "p95_us": 1.6659999999859565,
        "avg_us": 0.7301322400000632
      },
      "processText": {
        "short": {
          "chars": 7,
          "p50_us": 1.2499999999988631,
          "p95_us": 3.9160000000038053,
          "avg_us": 2.058902499999513
        },
        "medium": {
          "chars": 124,
          "p50_us": 16.291999999992868,
          "p95_us": 54.08299999999144,
          "avg_us": 23.46140124999944
        },
        "long": {
          "chars": 1024,
          "p50_us": 110.41600000001495,
          "p95_us": 289.50000000000387,
          "avg_us": 145.09010250000085
        }
      },
      "backspace": {
        "p50_us": 0.5000000000165983,
        "p95_us": 1.416000000006079,
        "avg_us": 0.68354777777763
      }
    },
    {
      "name": "wasm",
      "processChar": {
        "p50_us": 5.667000000016742,
        "p95_us": 12.207999999986896,
        "avg_us": 6.48963144000093
      },
      "processText": {
        "short": {
          "chars": 7,
          "p50_us": 14.167000000043117,
          "p95_us": 23.207999999840467,
          "avg_us": 18.2093650000013
        },
        "medium": {
          "chars": 124,
          "p50_us": 195.49999999981083,
          "p95_us": 264.0000000001237,
          "avg_us": 207.91819750000104
        },
        "long": {
          "chars": 1024,
          "p50_us": 1588.9589999997042,
          "p95_us": 2854.4580000002497,
          "avg_us": 2127.5660325000026
        }
      },
      "backspace": {
        "p50_us": 6.1670000000049185,
        "p95_us": 11.207999999896856,
        "avg_us": 6.492044861111531
      }
    }
  ],
  "wasmError": null
}
