{
  "generatedAt": "2026-02-06T11:26:17.050Z",
  "node": "v24.2.0",
  "suites": [
    {
      "name": "js",
      "processChar": {
        "p50_us": 0.4159999999977515,
        "p95_us": 1.125000000001819,
        "avg_us": 0.5883842800000295
      },
      "processText": {
        "short": {
          "chars": 7,
          "p50_us": 0.999999999990564,
          "p95_us": 1.8749999999982947,
          "avg_us": 1.347444999999915
        },
        "medium": {
          "chars": 124,
          "p50_us": 13.958000000002357,
          "p95_us": 20.749999999992497,
          "avg_us": 15.679113749999896
        },
        "long": {
          "chars": 1024,
          "p50_us": 100.6670000000156,
          "p95_us": 163.95799999997962,
          "avg_us": 108.95000749999957
        }
      },
      "backspace": {
        "p50_us": 0.45799999998052954,
        "p95_us": 1.0000000000047748,
        "avg_us": 0.520272777777735
      }
    }
  ],
  "wasmError": "exports is not defined in ES module scope\nThis file is being treated as an ES module because it has a '.js' file extension and '/Users/ranjeetharishchandre/Documents/Personal/lipic-js/package.json' contains \"type\": \"module\". To treat it as a CommonJS script, rename it to use the '.cjs' file extension."
}
