{
  "generatedAt": "2026-02-06T11:33:00.509Z",
  "node": "v24.2.0",
  "suites": [
    {
      "name": "js",
      "processChar": {
        "p50_us": 0.37499999999823785,
        "p95_us": 1.0839999999987526,
        "avg_us": 0.5479108600000343
      },
      "processText": {
        "short": {
          "chars": 7,
          "p50_us": 1.0410000000007358,
          "p95_us": 1.9999999999953388,
          "avg_us": 1.5365212499999423
        },
        "medium": {
          "chars": 124,
          "p50_us": 12.833000000000538,
          "p95_us": 30.917000000002304,
          "avg_us": 15.571299999999978
        },
        "long": {
          "chars": 1024,
          "p50_us": 87.87499999999682,
          "p95_us": 192.6249999999925,
          "avg_us": 102.93675999999977
        }
      },
      "backspace": {
        "p50_us": 0.37500000001955414,
        "p95_us": 0.7920000000183336,
        "avg_us": 0.4966951388890086
      }
    },
    {
      "name": "wasm",
      "processChar": {
        "p50_us": 5.334000000004835,
        "p95_us": 11.042000000031749,
        "avg_us": 5.981374000001018
      },
      "processText": {
        "short": {
          "chars": 7,
          "p50_us": 14.124999999921783,
          "p95_us": 58.54199999998855,
          "avg_us": 66.71276124999794
        },
        "medium": {
          "chars": 124,
          "p50_us": 196.95799999999508,
          "p95_us": 257.2920000002341,
          "avg_us": 207.7302537499992
        },
        "long": {
          "chars": 1024,
          "p50_us": 1827.4579999997513,
          "p95_us": 2512.249999999767,
          "avg_us": 1934.2556549999938
        }
      },
      "backspace": {
        "p50_us": 7.667000000310509,
        "p95_us": 14.874999999847205,
        "avg_us": 8.554355138884818
      }
    }
  ],
  "wasmError": null
}
