{
  "generatedAt": "2026-02-06T11:32:40.775Z",
  "node": "v24.2.0",
  "suites": [
    {
      "name": "js",
      "processChar": {
        "p50_us": 0.49999999998817657,
        "p95_us": 1.7499999999941451,
        "avg_us": 0.7648394600000101
      },
      "processText": {
        "short": {
          "chars": 7,
          "p50_us": 1.041999999998211,
          "p95_us": 3.208000000000766,
          "avg_us": 1.848261249999872
        },
        "medium": {
          "chars": 124,
          "p50_us": 14.915999999999485,
          "p95_us": 31.87499999998522,
          "avg_us": 17.94614000000013
        },
        "long": {
          "chars": 1024,
          "p50_us": 106.91700000000992,
          "p95_us": 326.0410000000036,
          "avg_us": 143.23732750000053
        }
      },
      "backspace": {
        "p50_us": 0.45799999998052954,
        "p95_us": 0.8339999999975589,
        "avg_us": 0.5278733333334246
      }
    },
    {
      "name": "wasm",
      "processChar": {
        "p50_us": 5.583000000001448,
        "p95_us": 12.08299999996143,
        "avg_us": 6.3906457000000705
      },
      "processText": {
        "short": {
          "chars": 7,
          "p50_us": 13.249999999970896,
          "p95_us": 22.166999999853942,
          "avg_us": 16.01372750000479
        },
        "medium": {
          "chars": 124,
          "p50_us": 185.8750000001237,
          "p95_us": 366.9999999997344,
          "avg_us": 231.86191875000696
        },
        "long": {
          "chars": 1024,
          "p50_us": 1505.4580000000897,
          "p95_us": 2150.4170000002887,
          "avg_us": 1637.7617600000033
        }
      },
      "backspace": {
        "p50_us": 5.8330000001660665,
        "p95_us": 10.500000000320142,
        "avg_us": 6.242549444442538
      }
    }
  ],
  "wasmError": null
}
