{
  "generatedAt": "2026-02-06T11:27:55.443Z",
  "node": "v22.16.0",
  "suites": [
    {
      "name": "js",
      "processChar": {
        "p50_us": 0.5000000000023874,
        "p95_us": 2.16700000000003,
        "avg_us": 0.8791537000001781
      },
      "processText": {
        "short": {
          "chars": 7,
          "p50_us": 1.290999999994824,
          "p95_us": 4.083999999991761,
          "avg_us": 2.121931249999724
        },
        "medium": {
          "chars": 124,
          "p50_us": 13.666999999998097,
          "p95_us": 34.20799999999247,
          "avg_us": 19.845673750000465
        },
        "long": {
          "chars": 1024,
          "p50_us": 95.8750000000066,
          "p95_us": 230.95899999998437,
          "avg_us": 109.82333500000132
        }
      },
      "backspace": {
        "p50_us": 0.41699999999877946,
        "p95_us": 1.3329999999882602,
        "avg_us": 0.5418379166667135
      }
    },
    {
      "name": "wasm",
      "processChar": {
        "p50_us": 6.957999999940512,
        "p95_us": 15.542000000010603,
        "avg_us": 8.43492812000039
      },
      "processText": {
        "short": {
          "chars": 7,
          "p50_us": 19.207999999935055,
          "p95_us": 55.000000000063665,
          "avg_us": 24.489177500012147
        },
        "medium": {
          "chars": 124,
          "p50_us": 252.16699999964476,
          "p95_us": 306.5409999999247,
          "avg_us": 259.8254024999997
        },
        "long": {
          "chars": 1024,
          "p50_us": 2127.9159999999138,
          "p95_us": 3995.0830000002497,
          "avg_us": 2586.154277500004
        }
      },
      "backspace": {
        "p50_us": 8.084000000053493,
        "p95_us": 16.41699999981938,
        "avg_us": 12.414033055555269
      }
    }
  ],
  "wasmError": null
}
