{
  "generatedAt": "2026-02-06T11:27:51.570Z",
  "node": "v24.2.0",
  "suites": [
    {
      "name": "js",
      "processChar": {
        "p50_us": 0.3340000000022769,
        "p95_us": 0.8749999999970726,
        "avg_us": 0.4637885800000544
      },
      "processText": {
        "short": {
          "chars": 7,
          "p50_us": 0.9170000000011669,
          "p95_us": 1.7920000000088976,
          "avg_us": 1.1761400000003874
        },
        "medium": {
          "chars": 124,
          "p50_us": 12.667000000007533,
          "p95_us": 19.54200000000128,
          "avg_us": 14.390042499999879
        },
        "long": {
          "chars": 1024,
          "p50_us": 84.79099999999562,
          "p95_us": 126.5420000000006,
          "avg_us": 89.13907249999951
        }
      },
      "backspace": {
        "p50_us": 0.3749999999911324,
        "p95_us": 0.7090000000005148,
        "avg_us": 0.42504861111129155
      }
    },
    {
      "name": "wasm",
      "processChar": {
        "p50_us": 5.500000000012051,
        "p95_us": 12.084000000186279,
        "avg_us": 5.999269420000255
      },
      "processText": {
        "short": {
          "chars": 7,
          "p50_us": 14.583000000129687,
          "p95_us": 17.542000000048574,
          "avg_us": 15.471582500007628
        },
        "medium": {
          "chars": 124,
          "p50_us": 206.0830000000351,
          "p95_us": 261.6249999998672,
          "avg_us": 217.66748874999396
        },
        "long": {
          "chars": 1024,
          "p50_us": 1670.3330000000278,
          "p95_us": 2689.3749999999272,
          "avg_us": 1999.1802049999942
        }
      },
      "backspace": {
        "p50_us": 6.458999999722437,
        "p95_us": 12.000000000170985,
        "avg_us": 6.986718333330932
      }
    }
  ],
  "wasmError": null
}
