{
  "generatedAt": "2026-02-06T11:35:11.602Z",
  "node": "v24.2.0",
  "suites": [
    {
      "name": "js",
      "processChar": {
        "p50_us": 0.8330000000000837,
        "p95_us": 2.375000000000682,
        "avg_us": 2.737704380000232
      },
      "processText": {
        "short": {
          "chars": 7,
          "p50_us": 2.8330000000096334,
          "p95_us": 9.291000000018812,
          "avg_us": 4.332282499999636
        },
        "medium": {
          "chars": 124,
          "p50_us": 37.12500000000318,
          "p95_us": 81.66699999998173,
          "avg_us": 43.6034849999997
        },
        "long": {
          "chars": 1024,
          "p50_us": 280.1670000000058,
          "p95_us": 554.4159999999465,
          "avg_us": 330.54145749999697
        }
      },
      "backspace": {
        "p50_us": 0.9999999999763531,
        "p95_us": 2.292000000011285,
        "avg_us": 1.4469574999998955
      }
    },
    {
      "name": "wasm",
      "processChar": {
        "p50_us": 14.875000000301952,
        "p95_us": 59.125000000676664,
        "avg_us": 30.88973648000063
      },
      "processText": {
        "short": {
          "chars": 7,
          "p50_us": 36.87499999978172,
          "p95_us": 120.958000000428,
          "avg_us": 61.46410875001152
        },
        "medium": {
          "chars": 124,
          "p50_us": 434.4589999982418,
          "p95_us": 688.8749999998254,
          "avg_us": 501.47418124997995
        },
        "long": {
          "chars": 1024,
          "p50_us": 3192.2080000003916,
          "p95_us": 4353.124999999636,
          "avg_us": 3214.949162500025
        }
      },
      "backspace": {
        "p50_us": 9.958000000551692,
        "p95_us": 19.458000000668108,
        "avg_us": 11.148800972221377
      }
    }
  ],
  "wasmError": null
}
