{
  "generatedAt": "2026-02-06T11:27:32.307Z",
  "node": "v24.2.0",
  "suites": [
    {
      "name": "js",
      "processChar": {
        "p50_us": 0.37499999999823785,
        "p95_us": 1.125000000001819,
        "avg_us": 0.579078760000052
      },
      "processText": {
        "short": {
          "chars": 7,
          "p50_us": 1.4170000000035543,
          "p95_us": 4.249999999984766,
          "avg_us": 31.94012000000014
        },
        "medium": {
          "chars": 124,
          "p50_us": 17.958000000021457,
          "p95_us": 81.2079999999753,
          "avg_us": 53.87244499999915
        },
        "long": {
          "chars": 1024,
          "p50_us": 98.20799999999963,
          "p95_us": 444.3329999999719,
          "avg_us": 183.00885250000206
        }
      },
      "backspace": {
        "p50_us": 0.41700000002720117,
        "p95_us": 1.4579999999568827,
        "avg_us": 0.6682170833337288
      }
    },
    {
      "name": "wasm",
      "processChar": {
        "p50_us": 5.666999999903055,
        "p95_us": 12.375000000020009,
        "avg_us": 6.468146180000451
      },
      "processText": {
        "short": {
          "chars": 7,
          "p50_us": 14.750000000049113,
          "p95_us": 23.541000000022905,
          "avg_us": 18.70770249999879
        },
        "medium": {
          "chars": 124,
          "p50_us": 204.87499999990177,
          "p95_us": 297.33299999998053,
          "avg_us": 217.39005750000956
        },
        "long": {
          "chars": 1024,
          "p50_us": 1633.1669999999576,
          "p95_us": 2207.7079999999114,
          "avg_us": 1781.784259999994
        }
      },
      "backspace": {
        "p50_us": 6.375000000389264,
        "p95_us": 11.833999999907974,
        "avg_us": 7.72384152777445
      }
    }
  ],
  "wasmError": null
}
